Seq,Num,avg 7-21,win 1,win 3,win 5,win 7,win 9,win 11,win 13,win 15,win 17,win 19,win 21,win 23,win 25,win 27,win 29,win 31
M,1,0.074,0.597,0.338,-0.021,-0.023,0.067,-0.098,-0.073,0.047,0.177,0.215,0.275,0.327,0.342,0.349,0.351,0.205
L,2,0.117,0.079,-0.021,-0.023,0.067,-0.098,-0.073,0.047,0.177,0.215,0.275,0.327,0.342,0.349,0.351,0.205,0.248
R,3,0.152,-0.740,-0.230,0.067,-0.098,-0.073,0.047,0.177,0.215,0.275,0.327,0.342,0.349,0.351,0.205,0.248,0.277
L,4,0.207,-0.031,-0.113,-0.237,-0.073,0.047,0.177,0.215,0.275,0.327,0.342,0.349,0.351,0.205,0.248,0.277,0.310
F,5,0.251,0.431,-0.175,-0.237,-0.032,0.177,0.215,0.275,0.327,0.342,0.349,0.351,0.205,0.248,0.277,0.310,0.244
Y,6,0.269,-0.924,-0.138,0.088,0.131,0.173,0.275,0.327,0.342,0.349,0.351,0.205,0.248,0.277,0.310,0.244,0.251
F,7,0.297,0.080,0.013,0.338,0.316,0.261,0.303,0.342,0.349,0.351,0.205,0.248,0.277,0.310,0.244,0.251,0.293
S,8,0.330,0.884,0.727,0.363,0.446,0.444,0.342,0.330,0.351,0.205,0.248,0.277,0.310,0.244,0.251,0.293,0.250
A,9,0.354,1.219,0.886,0.723,0.513,0.504,0.450,0.352,0.179,0.248,0.277,0.310,0.244,0.251,0.293,0.250,0.204
I,10,0.377,0.555,0.884,0.887,0.719,0.505,0.487,0.257,0.236,0.258,0.310,0.244,0.251,0.293,0.250,0.204,0.166
I,11,0.392,0.878,0.778,0.813,0.770,0.649,0.268,0.332,0.337,0.307,0.225,0.251,0.293,0.250,0.204,0.166,0.219
A,12,0.390,0.901,0.764,0.657,0.697,0.421,0.437,0.358,0.399,0.291,0.242,0.279,0.250,0.204,0.166,0.219,0.251
S,13,0.359,0.515,0.618,0.622,0.241,0.427,0.499,0.498,0.303,0.316,0.343,0.242,0.187,0.166,0.219,0.251,0.237
V,14,0.360,0.439,0.443,0.051,0.296,0.377,0.501,0.414,0.391,0.360,0.307,0.237,0.151,0.204,0.251,0.237,0.259
I,15,0.331,0.376,-0.387,0.058,0.280,0.416,0.298,0.377,0.464,0.373,0.241,0.202,0.250,0.244,0.224,0.259,0.267
L,16,0.291,-1.976,-0.221,0.108,0.280,0.205,0.284,0.374,0.358,0.318,0.249,0.255,0.298,0.268,0.253,0.256,0.245
N,17,0.240,0.938,-0.091,0.202,0.062,0.150,0.311,0.277,0.221,0.222,0.327,0.350,0.274,0.304,0.299,0.239,0.229
F,18,0.205,0.765,0.869,-0.076,0.057,0.223,0.165,0.145,0.133,0.241,0.336,0.340,0.352,0.307,0.285,0.268,0.235
V,19,0.172,0.905,0.219,0.400,0.171,0.096,0.042,0.017,0.178,0.272,0.265,0.339,0.370,0.327,0.273,0.278,0.158
G,20,0.166,-1.013,0.098,0.447,0.352,-0.039,-0.067,0.097,0.189,0.212,0.282,0.305,0.314,0.328,0.317,0.155,0.213
I,21,0.157,0.403,0.187,0.153,0.098,0.096,0.040,0.145,0.146,0.210,0.262,0.259,0.265,0.304,0.198,0.244,0.221
I,22,0.158,1.173,0.291,-0.197,-0.120,0.164,0.317,0.106,0.175,0.210,0.193,0.223,0.253,0.130,0.227,0.265,0.184
M,23,0.178,-0.704,-0.124,-0.147,-0.027,0.198,0.220,0.325,0.183,0.160,0.171,0.192,0.079,0.174,0.207,0.164,0.139
N,24,0.186,-0.842,-0.770,0.084,0.270,0.083,0.229,0.292,0.288,0.144,0.162,0.019,0.112,0.166,0.110,0.076,0.060
L,25,0.180,-0.763,-0.017,0.063,0.194,0.292,0.193,0.201,0.232,0.276,-0.022,0.077,0.119,0.048,0.028,0.003,-0.047
F,26,0.167,1.555,0.620,0.177,0.150,0.303,0.247,0.139,0.199,0.036,0.169,0.091,0.011,-0.026,-0.063,-0.099,-0.029
I,27,0.146,1.068,0.830,0.519,0.323,0.127,0.220,0.238,-0.070,0.089,0.156,0.088,-0.064,-0.106,-0.159,-0.092,-0.064
T,28,0.109,-0.132,0.601,0.773,0.385,0.217,0.138,-0.034,0.108,0.076,0.007,-0.020,-0.046,-0.205,-0.134,-0.117,-0.090
V,29,0.083,0.868,0.414,0.380,0.508,0.340,-0.083,0.003,0.126,0.015,-0.110,-0.131,-0.177,-0.081,-0.156,-0.129,-0.103
V,30,0.008,0.507,0.321,0.187,0.324,0.077,0.145,0.110,-0.088,-0.087,-0.139,-0.274,-0.162,-0.127,-0.080,-0.138,-0.216
N,31,-0.089,-0.411,0.066,0.266,-0.276,0.089,0.276,0.017,-0.130,-0.248,-0.270,-0.172,-0.210,-0.154,-0.110,-0.176,-0.235
C,32,-0.129,0.101,-0.015,-0.534,-0.020,0.045,-0.052,-0.027,-0.178,-0.330,-0.273,-0.201,-0.163,-0.185,-0.252,-0.216,-0.136
K,33,-0.217,0.266,-0.922,-0.303,-0.047,-0.168,-0.270,-0.267,-0.267,-0.214,-0.247,-0.253,-0.175,-0.268,-0.293,-0.205,-0.129
T,34,-0.328,-3.132,-0.401,-0.085,-0.412,-0.412,-0.400,-0.509,-0.296,-0.182,-0.199,-0.214,-0.360,-0.293,-0.216,-0.196,-0.144
W,35,-0.424,1.663,-0.264,-0.515,-0.543,-0.642,-0.669,-0.413,-0.381,-0.268,-0.152,-0.321,-0.338,-0.296,-0.188,-0.150,-0.182
V,36,-0.512,0.678,0.097,-0.834,-0.781,-0.828,-0.614,-0.496,-0.367,-0.324,-0.396,-0.294,-0.255,-0.222,-0.219,-0.174,-0.109
K,37,-0.581,-2.049,-0.900,-0.520,-1.117,-0.715,-0.595,-0.529,-0.416,-0.498,-0.463,-0.316,-0.171,-0.175,-0.204,-0.171,-0.140
S,38,-0.536,-1.331,-1.647,-1.270,-0.510,-0.768,-0.597,-0.487,-0.656,-0.561,-0.399,-0.312,-0.225,-0.156,-0.126,-0.165,-0.154
H,39,-0.547,-1.563,-1.660,-1.183,-0.778,-0.411,-0.609,-0.733,-0.642,-0.527,-0.384,-0.291,-0.283,-0.168,-0.118,-0.111,-0.142
R,40,-0.571,-2.087,-0.845,-0.815,-0.863,-0.582,-0.605,-0.769,-0.577,-0.435,-0.394,-0.346,-0.224,-0.233,-0.149,-0.096,-0.170
I,41,-0.551,1.116,-0.394,-0.532,-0.552,-1.000,-0.776,-0.445,-0.517,-0.422,-0.387,-0.310,-0.285,-0.198,-0.201,-0.209,-0.108
S,42,-0.526,-0.210,0.330,-0.194,-0.803,-0.796,-0.738,-0.484,-0.287,-0.454,-0.327,-0.317,-0.275,-0.246,-0.259,-0.206,-0.157
S,43,-0.421,0.084,0.000,-0.394,-0.610,-0.527,-0.447,-0.511,-0.417,-0.197,-0.369,-0.287,-0.272,-0.335,-0.249,-0.200,-0.158
S,44,-0.280,0.127,-0.959,-0.659,-0.156,-0.225,-0.297,-0.375,-0.379,-0.326,-0.166,-0.315,-0.350,-0.273,-0.266,-0.194,-0.136
D,45,-0.198,-3.088,-1.056,-0.400,-0.150,0.042,-0.181,-0.177,-0.278,-0.324,-0.271,-0.247,-0.312,-0.275,-0.212,-0.193,-0.128
R,46,-0.149,-0.208,-0.736,-0.185,-0.075,-0.113,0.122,-0.099,-0.141,-0.222,-0.396,-0.272,-0.174,-0.243,-0.196,-0.140,-0.130
I,47,-0.103,1.087,0.679,-0.147,-0.127,0.049,-0.028,0.118,-0.059,-0.244,-0.228,-0.302,-0.201,-0.097,-0.164,-0.128,-0.090
L,48,-0.044,1.156,0.854,0.415,0.033,-0.021,0.057,0.007,-0.033,-0.085,-0.156,-0.154,-0.207,-0.119,-0.031,-0.108,-0.059
F,49,0.035,0.318,0.398,0.705,0.397,0.046,0.020,-0.108,-0.032,0.040,-0.018,-0.066,-0.069,-0.127,-0.062,0.036,-0.043
S,50,0.114,-0.281,0.427,0.379,0.530,0.353,-0.147,-0.027,-0.015,0.037,0.119,0.062,0.009,-0.012,-0.048,0.005,0.009
L,51,0.144,1.245,0.141,0.293,0.328,0.187,0.237,-0.033,0.050,0.080,0.119,0.183,0.113,0.083,0.056,-0.071,-0.029
G,52,0.150,-0.541,0.476,0.165,-0.081,0.192,0.260,0.285,0.076,0.141,0.155,0.170,0.249,0.176,0.049,0.016,-0.020
I,53,0.206,0.724,-0.047,-0.120,0.037,0.069,0.257,0.342,0.357,0.161,0.194,0.230,0.234,0.199,0.124,0.095,0.061
T,54,0.260,-0.322,-0.435,-0.141,0.083,0.151,0.200,0.344,0.402,0.391,0.243,0.262,0.177,0.173,0.237,0.165,0.106
R,55,0.292,-1.707,-0.296,-0.025,0.056,0.240,0.273,0.291,0.385,0.466,0.446,0.184,0.194,0.220,0.213,0.240,0.161
F,56,0.333,1.141,-0.175,0.042,0.208,0.227,0.340,0.330,0.378,0.447,0.376,0.353,0.230,0.235,0.224,0.206,0.259
L,57,0.349,0.041,0.746,0.211,0.265,0.338,0.303,0.434,0.408,0.289,0.344,0.409,0.385,0.233,0.226,0.246,0.222
M,58,0.363,1.056,0.541,0.777,0.377,0.350,0.448,0.396,0.325,0.298,0.334,0.379,0.397,0.363,0.256,0.241,0.224
L,59,0.416,0.526,0.902,0.641,0.740,0.503,0.452,0.321,0.273,0.371,0.342,0.328,0.356,0.409,0.369,0.232,0.192
G,60,0.441,1.123,0.703,0.799,0.728,0.778,0.342,0.301,0.374,0.325,0.361,0.320,0.346,0.363,0.371,0.307,0.202
L,61,0.456,0.460,0.805,0.800,0.831,0.481,0.540,0.400,0.356,0.362,0.302,0.378,0.331,0.311,0.297,0.330,0.319
F,62,0.436,0.831,0.784,0.847,0.462,0.529,0.525,0.567,0.383,0.327,0.380,0.317,0.337,0.262,0.271,0.311,0.303
L,63,0.451,1.060,0.884,0.317,0.454,0.519,0.563,0.485,0.506,0.402,0.340,0.335,0.243,0.291,0.279,0.246,0.265
V,64,0.439,0.762,0.098,0.319,0.432,0.512,0.474,0.493,0.493,0.500,0.349,0.257,0.286,0.263,0.263,0.233,0.179
N,65,0.419,-1.526,-0.099,0.347,0.433,0.396,0.439,0.484,0.487,0.424,0.391,0.294,0.278,0.256,0.214,0.190,0.179
T,66,0.385,0.469,-0.029,0.228,0.325,0.361,0.422,0.441,0.407,0.368,0.355,0.401,0.261,0.224,0.178,0.158,0.189
I,67,0.328,0.969,0.634,0.091,0.194,0.373,0.377,0.343,0.311,0.332,0.381,0.312,0.332,0.176,0.163,0.178,0.126
Y,68,0.274,0.464,0.503,0.424,0.219,0.251,0.288,0.237,0.266,0.333,0.288,0.307,0.216,0.257,0.176,0.128,0.159
F,69,0.229,0.076,0.227,0.518,0.432,0.150,0.108,0.208,0.272,0.224,0.256,0.184,0.228,0.213,0.213,0.156,0.160
V,70,0.183,0.141,0.386,0.316,0.343,0.217,0.080,0.168,0.168,0.193,0.117,0.174,0.184,0.182,0.189,0.241,0.157
S,71,0.124,0.941,0.347,0.194,0.074,0.215,0.268,0.054,0.093,0.055,0.109,0.123,0.129,0.160,0.215,0.187,0.224
S,72,0.081,-0.040,0.251,-0.005,0.072,0.168,0.160,0.166,-0.060,0.011,0.068,0.066,0.102,0.169,0.160,0.198,0.206
N,73,0.039,-0.148,-0.368,0.058,0.139,0.036,0.065,0.013,0.063,-0.032,-0.026,0.050,0.115,0.107,0.155,0.183,0.266
T,74,-0.009,-0.916,-0.204,-0.022,0.016,0.020,-0.116,-0.038,0.035,0.016,-0.040,0.036,0.060,0.104,0.135,0.230,0.225
E,75,-0.058,0.452,0.027,-0.158,-0.129,-0.165,-0.094,-0.070,-0.078,0.017,0.080,-0.021,0.030,0.094,0.188,0.184,0.243
R,76,-0.097,0.544,0.091,-0.143,-0.341,-0.235,-0.103,-0.132,-0.076,0.004,0.033,0.070,0.023,0.128,0.150,0.205,0.216
S,77,-0.108,-0.723,-0.084,-0.265,-0.275,-0.226,-0.254,-0.105,-0.031,-0.048,0.001,0.076,0.172,0.089,0.151,0.186,0.171
V,78,-0.090,-0.072,-0.774,-0.292,-0.138,-0.289,-0.206,-0.119,-0.068,-0.030,0.008,0.120,0.143,0.193,0.133,0.118,0.136
Y,79,-0.079,-1.526,-0.428,-0.393,-0.306,-0.133,-0.124,-0.148,-0.107,-0.003,0.104,0.088,0.147,0.186,0.155,0.083,0.130
L,80,-0.049,0.314,-0.389,-0.392,-0.314,-0.100,-0.078,-0.108,-0.064,0.053,0.086,0.136,0.139,0.109,0.128,0.165,0.087
S,81,-0.005,0.044,-0.121,-0.280,-0.103,-0.206,-0.086,0.008,0.072,0.043,0.093,0.142,0.095,0.081,0.124,0.130,0.163
A,82,0.025,-0.721,-0.063,0.176,-0.152,-0.085,-0.081,0.119,0.120,0.115,0.110,0.053,0.079,0.112,0.086,0.124,0.214
F,83,0.098,0.489,0.174,0.030,0.119,-0.011,0.157,0.061,0.161,0.185,0.068,0.043,0.075,0.085,0.113,0.180,0.228
F,84,0.164,0.754,0.275,0.095,0.159,0.369,0.145,0.200,0.144,0.104,0.104,0.091,0.053,0.079,0.185,0.225,0.200
V,85,0.220,-0.416,0.235,0.359,0.424,0.311,0.381,0.227,0.130,0.057,0.125,0.108,0.094,0.164,0.202,0.206,0.187
L,86,0.254,0.368,0.183,0.640,0.497,0.427,0.378,0.272,0.118,0.150,0.067,0.125,0.224,0.226,0.188,0.163,0.199
C,87,0.298,0.598,0.954,0.448,0.582,0.538,0.289,0.229,0.277,0.122,0.148,0.198,0.265,0.246,0.182,0.181,0.209
F,88,0.320,1.895,0.762,0.747,0.514,0.380,0.333,0.292,0.219,0.259,0.261,0.299,0.224,0.215,0.234,0.230,0.189
M,89,0.339,-0.208,0.922,0.729,0.440,0.268,0.366,0.305,0.270,0.363,0.415,0.283,0.241,0.213,0.264,0.238,0.221
F,90,0.369,1.080,0.384,0.422,0.352,0.409,0.247,0.330,0.456,0.442,0.377,0.341,0.266,0.292,0.219,0.252,0.301
L,91,0.396,0.281,0.142,-0.006,0.388,0.308,0.359,0.431,0.517,0.461,0.358,0.349,0.387,0.269,0.277,0.288,0.310
D,92,0.392,-0.936,-0.300,0.206,0.040,0.331,0.514,0.570,0.439,0.413,0.422,0.407,0.345,0.363,0.339,0.338,0.323
S,93,0.418,-0.246,-0.110,-0.119,0.185,0.351,0.586,0.511,0.446,0.398,0.462,0.410,0.379,0.414,0.422,0.373,0.375
S,94,0.430,0.853,0.020,-0.013,0.326,0.529,0.377,0.440,0.454,0.496,0.387,0.426,0.480,0.441,0.445,0.456,0.291
S,95,0.425,-0.547,0.372,0.588,0.486,0.364,0.367,0.333,0.498,0.436,0.454,0.466,0.490,0.508,0.476,0.352,0.374
V,96,0.429,0.809,0.778,0.917,0.561,0.297,0.314,0.445,0.328,0.450,0.518,0.520,0.498,0.524,0.404,0.388,0.352
W,97,0.453,2.070,1.426,0.664,0.551,0.456,0.402,0.311,0.398,0.432,0.524,0.548,0.555,0.386,0.425,0.399,0.327
F,98,0.482,1.397,1.020,0.710,0.500,0.623,0.427,0.354,0.431,0.486,0.474,0.561,0.422,0.446,0.383,0.358,0.399
V,99,0.512,-0.408,0.224,0.647,0.757,0.454,0.526,0.548,0.461,0.479,0.532,0.343,0.442,0.415,0.372,0.384,0.368
T,100,0.526,-0.319,-0.077,0.484,0.547,0.609,0.593,0.622,0.586,0.514,0.333,0.404,0.343,0.363,0.414,0.382,0.330
L,101,0.523,0.496,0.477,0.072,0.372,0.695,0.708,0.630,0.661,0.411,0.375,0.334,0.321,0.347,0.375,0.355,0.349
L,102,0.501,1.254,0.362,0.322,0.398,0.545,0.720,0.740,0.426,0.489,0.404,0.287,0.339,0.337,0.289,0.339,0.365
N,103,0.484,-0.663,0.478,0.703,0.559,0.495,0.612,0.471,0.534,0.416,0.379,0.403,0.307,0.277,0.302,0.304,0.398
I,104,0.460,0.843,0.588,0.748,0.740,0.639,0.241,0.394,0.454,0.406,0.413,0.393,0.330,0.272,0.294,0.367,0.375
L,105,0.409,1.585,1.049,0.686,0.796,0.376,0.376,0.257,0.268,0.447,0.418,0.332,0.347,0.344,0.344,0.371,0.411
Y,106,0.321,0.720,1.084,0.996,0.233,0.440,0.369,0.233,0.275,0.298,0.353,0.365,0.347,0.418,0.423,0.393,0.414
C,107,0.307,0.946,0.850,0.290,0.481,0.257,0.259,0.373,0.272,0.191,0.252,0.368,0.441,0.432,0.465,0.465,0.323
V,108,0.274,0.885,-0.285,0.188,0.305,0.251,0.282,0.300,0.265,0.223,0.224,0.346,0.458,0.490,0.478,0.386,0.360
K,109,0.247,-2.686,-0.243,-0.035,-0.024,0.324,0.300,0.171,0.241,0.293,0.331,0.337,0.408,0.505,0.404,0.364,0.310
I,110,0.249,1.073,-0.668,-0.367,0.088,0.097,0.185,0.233,0.216,0.359,0.411,0.400,0.398,0.321,0.381,0.321,0.305
T,111,0.222,-0.391,-0.011,-0.243,-0.113,-0.030,0.055,0.235,0.368,0.356,0.432,0.471,0.306,0.273,0.238,0.317,0.276
N,112,0.185,-0.716,0.132,0.202,-0.300,-0.118,0.068,0.237,0.391,0.449,0.428,0.326,0.328,0.217,0.212,0.196,0.209
F,113,0.226,1.504,0.110,-0.097,0.105,-0.120,0.129,0.274,0.346,0.468,0.330,0.276,0.228,0.258,0.174,0.104,0.158
Q,114,0.248,-0.458,0.207,0.011,0.076,0.358,0.158,0.272,0.377,0.226,0.296,0.222,0.204,0.180,0.139,0.135,0.139
H,115,0.273,-0.423,-0.245,0.327,0.363,0.372,0.485,0.294,0.145,0.195,0.118,0.215,0.170,0.080,0.138,0.174,0.167
S,116,0.284,0.147,0.197,0.350,0.636,0.517,0.494,0.305,0.099,0.033,0.116,0.071,0.079,0.125,0.122,0.172,0.199
V,117,0.245,0.867,0.878,0.682,0.552,0.727,0.299,0.238,0.158,0.022,-0.009,-0.023,0.031,0.124,0.163,0.153,0.213
F,118,0.204,1.619,1.229,0.949,0.785,0.278,0.382,0.130,0.133,0.096,-0.122,-0.046,0.035,0.079,0.157,0.208,0.211
L,119,0.146,1.200,1.243,1.155,0.483,0.351,0.082,0.238,0.063,-0.042,0.044,-0.049,0.013,0.078,0.133,0.220,0.268
L,120,0.132,0.910,1.096,0.473,0.490,0.198,0.186,0.012,0.027,0.009,0.031,0.100,0.005,0.077,0.151,0.203,0.225
L,121,0.078,1.177,-0.151,0.189,0.110,0.258,0.094,-0.050,-0.042,0.099,0.075,0.082,0.162,0.089,0.156,0.161,0.170
K,122,0.043,-2.539,-0.388,-0.410,-0.023,0.003,-0.034,0.020,0.043,0.037,0.149,0.145,0.167,0.241,0.105,0.124,0.180
R,123,-0.019,0.197,-1.380,-0.454,-0.399,-0.317,-0.069,0.071,0.101,0.105,0.119,0.236,0.232,0.178,0.200,0.130,0.181
N,124,-0.058,-1.798,-0.303,-0.976,-0.710,-0.398,-0.142,0.039,0.138,0.185,0.206,0.217,0.242,0.189,0.199,0.255,0.191
I,125,-0.071,0.691,-0.847,-0.721,-0.810,-0.408,-0.211,-0.032,0.142,0.246,0.286,0.215,0.171,0.259,0.249,0.260,0.288
S,126,-0.031,-1.435,-0.668,-0.665,-0.330,-0.489,-0.230,-0.053,0.113,0.260,0.253,0.229,0.236,0.237,0.320,0.284,0.274
P,127,0.001,-1.262,-0.740,-0.143,-0.295,-0.130,-0.252,-0.031,0.107,0.136,0.200,0.272,0.296,0.304,0.276,0.331,0.309
K,128,0.072,0.477,0.010,-0.191,0.061,-0.048,0.087,-0.037,0.013,0.057,0.170,0.276,0.342,0.333,0.317,0.303,0.329
I,129,0.134,0.815,0.580,0.235,0.096,0.284,0.169,0.120,-0.074,0.066,0.157,0.256,0.318,0.353,0.358,0.316,0.290
P,130,0.223,0.447,0.653,0.674,0.471,0.329,0.288,0.095,0.165,0.053,0.172,0.214,0.276,0.346,0.350,0.340,0.335
R,131,0.323,0.695,0.692,0.816,0.808,0.434,0.213,0.314,0.216,0.273,0.127,0.202,0.253,0.278,0.328,0.367,0.363
L,132,0.396,0.934,0.940,0.873,0.670,0.559,0.438,0.334,0.416,0.279,0.295,0.178,0.211,0.241,0.303,0.353,0.377
L,133,0.470,1.190,1.074,0.686,0.535,0.623,0.640,0.537,0.390,0.423,0.320,0.296,0.171,0.242,0.275,0.317,0.340
L,134,0.536,1.098,0.600,0.520,0.620,0.638,0.706,0.658,0.529,0.423,0.411,0.299,0.323,0.213,0.263,0.266,0.293
A,135,0.586,-0.488,0.159,0.543,0.658,0.722,0.660,0.671,0.659,0.503,0.389,0.430,0.334,0.338,0.209,0.240,0.221
C,136,0.608,-0.135,0.142,0.496,0.696,0.680,0.678,0.661,0.622,0.593,0.514,0.418,0.437,0.319,0.308,0.165,0.186
V,137,0.605,1.049,0.623,0.516,0.570,0.648,0.677,0.621,0.586,0.621,0.604,0.514,0.395,0.397,0.264,0.246,0.136
L,138,0.583,0.955,1.068,0.676,0.507,0.592,0.586,0.589,0.619,0.599,0.610,0.561,0.464,0.329,0.323,0.226,0.213
I,139,0.567,1.200,0.823,0.834,0.674,0.462,0.503,0.589,0.603,0.607,0.552,0.545,0.475,0.379,0.283,0.283,0.200
S,140,0.547,0.312,0.721,0.761,0.683,0.546,0.488,0.532,0.579,0.550,0.536,0.458,0.446,0.414,0.332,0.252,0.271
A,141,0.520,0.652,0.549,0.555,0.572,0.666,0.573,0.493,0.481,0.504,0.447,0.428,0.394,0.390,0.370,0.315,0.203
F,142,0.484,0.684,0.421,0.370,0.570,0.599,0.639,0.508,0.418,0.374,0.387,0.377,0.369,0.348,0.368,0.310,0.243
T,143,0.423,-0.073,0.295,0.495,0.463,0.558,0.518,0.531,0.383,0.298,0.305,0.326,0.329,0.347,0.286,0.287,0.287
T,144,0.362,0.273,0.380,0.455,0.501,0.393,0.445,0.372,0.380,0.305,0.240,0.259,0.306,0.263,0.262,0.263,0.282
C,145,0.293,0.941,0.554,0.435,0.368,0.376,0.244,0.284,0.284,0.305,0.254,0.226,0.193,0.218,0.240,0.258,0.242
L,146,0.219,0.449,0.658,0.393,0.292,0.191,0.198,0.162,0.212,0.230,0.283,0.183,0.137,0.174,0.216,0.219,0.209
Y,147,0.142,0.583,0.251,0.369,0.158,0.094,0.104,0.129,0.117,0.198,0.154,0.180,0.162,0.142,0.157,0.167,0.145
I,148,0.080,-0.280,0.152,-0.021,0.092,0.059,0.031,0.061,0.124,0.045,0.093,0.134,0.182,0.145,0.095,0.081,0.119
T,149,0.014,0.153,-0.380,-0.149,-0.097,0.015,0.017,0.040,-0.013,0.015,0.035,0.103,0.118,0.128,0.065,0.048,0.075
L,150,-0.044,-1.012,-0.350,-0.343,-0.179,-0.114,0.029,-0.062,-0.072,-0.017,0.035,0.027,0.052,0.033,0.075,0.059,-0.017
S,151,-0.104,-0.191,-0.529,-0.311,-0.294,-0.119,-0.184,-0.098,-0.061,-0.040,-0.021,-0.015,-0.058,0.001,0.030,0.003,-0.030
Q,152,-0.157,-0.383,-0.232,-0.387,-0.196,-0.340,-0.243,-0.163,-0.059,-0.060,-0.087,-0.109,-0.065,-0.054,-0.071,-0.064,-0.054
A,153,-0.219,-0.124,-0.244,-0.103,-0.419,-0.330,-0.287,-0.174,-0.149,-0.109,-0.153,-0.135,-0.101,-0.137,-0.148,-0.127,-0.079
S,154,-0.235,-0.225,0.019,-0.346,-0.302,-0.336,-0.234,-0.251,-0.217,-0.242,-0.159,-0.140,-0.207,-0.199,-0.193,-0.158,-0.121
P,155,-0.258,0.406,-0.407,-0.308,-0.261,-0.190,-0.285,-0.273,-0.343,-0.260,-0.218,-0.236,-0.242,-0.261,-0.206,-0.182,-0.146
F,156,-0.286,-1.403,-0.397,-0.264,-0.163,-0.215,-0.245,-0.386,-0.315,-0.304,-0.334,-0.323,-0.293,-0.247,-0.245,-0.189,-0.198
P,157,-0.326,-0.194,-0.500,-0.158,-0.204,-0.236,-0.347,-0.297,-0.337,-0.392,-0.412,-0.387,-0.321,-0.272,-0.226,-0.258,-0.215
E,158,-0.362,0.098,0.069,-0.321,-0.253,-0.367,-0.299,-0.296,-0.386,-0.453,-0.444,-0.401,-0.356,-0.292,-0.285,-0.251,-0.278
L,159,-0.406,0.303,-0.003,-0.155,-0.498,-0.326,-0.304,-0.402,-0.433,-0.445,-0.436,-0.405,-0.362,-0.363,-0.314,-0.304,-0.269
V,160,-0.406,-0.410,-0.227,-0.378,-0.277,-0.391,-0.443,-0.460,-0.466,-0.417,-0.402,-0.391,-0.408,-0.381,-0.378,-0.330,-0.311
T,161,-0.426,-0.573,-0.764,-0.369,-0.275,-0.431,-0.561,-0.511,-0.439,-0.416,-0.369,-0.406,-0.408,-0.420,-0.393,-0.380,-0.393
T,162,-0.465,-1.309,-0.579,-0.465,-0.540,-0.508,-0.514,-0.520,-0.448,-0.382,-0.418,-0.390,-0.419,-0.419,-0.420,-0.455,-0.399
R,163,-0.496,0.145,-0.447,-0.735,-0.710,-0.617,-0.469,-0.440,-0.445,-0.447,-0.404,-0.432,-0.403,-0.419,-0.484,-0.437,-0.412
N,164,-0.510,-0.177,-0.598,-0.798,-0.778,-0.618,-0.511,-0.391,-0.440,-0.463,-0.459,-0.417,-0.430,-0.475,-0.438,-0.436,-0.384
N,165,-0.508,-1.760,-0.941,-0.713,-0.654,-0.613,-0.499,-0.500,-0.418,-0.455,-0.471,-0.455,-0.494,-0.450,-0.423,-0.381,-0.370
T,166,-0.507,-0.886,-1.178,-0.683,-0.519,-0.500,-0.582,-0.513,-0.509,-0.432,-0.450,-0.550,-0.474,-0.437,-0.388,-0.354,-0.338
S,167,-0.510,-0.887,-0.493,-0.720,-0.477,-0.502,-0.517,-0.579,-0.517,-0.497,-0.524,-0.471,-0.483,-0.405,-0.361,-0.342,-0.333
F,168,-0.539,0.295,-0.318,-0.280,-0.640,-0.503,-0.513,-0.520,-0.557,-0.609,-0.516,-0.453,-0.397,-0.397,-0.354,-0.339,-0.291
N,169,-0.518,-0.362,0.124,-0.367,-0.369,-0.623,-0.509,-0.497,-0.625,-0.570,-0.522,-0.430,-0.363,-0.343,-0.370,-0.299,-0.282
I,170,-0.497,0.440,-0.415,-0.162,-0.423,-0.407,-0.585,-0.631,-0.521,-0.525,-0.470,-0.416,-0.368,-0.336,-0.284,-0.308,-0.270
S,171,-0.450,-1.322,-0.248,-0.474,-0.270,-0.421,-0.570,-0.598,-0.517,-0.414,-0.408,-0.398,-0.383,-0.303,-0.271,-0.254,-0.255
E,172,-0.430,0.137,-0.816,-0.365,-0.456,-0.500,-0.467,-0.448,-0.468,-0.388,-0.341,-0.372,-0.325,-0.309,-0.269,-0.218,-0.188
G,173,-0.393,-1.263,-0.314,-0.655,-0.633,-0.505,-0.368,-0.336,-0.310,-0.379,-0.350,-0.266,-0.293,-0.286,-0.249,-0.197,-0.183
I,174,-0.345,0.184,-0.696,-0.710,-0.660,-0.443,-0.343,-0.222,-0.253,-0.278,-0.292,-0.266,-0.229,-0.229,-0.208,-0.209,-0.139
L,175,-0.273,-1.010,-0.807,-0.687,-0.443,-0.428,-0.256,-0.247,-0.196,-0.171,-0.192,-0.250,-0.199,-0.149,-0.188,-0.145,-0.136
S,176,-0.205,-1.596,-0.785,-0.395,-0.381,-0.215,-0.299,-0.221,-0.155,-0.110,-0.137,-0.125,-0.161,-0.157,-0.086,-0.111,-0.094
L,177,-0.131,0.250,-0.383,-0.318,-0.115,-0.233,-0.182,-0.184,-0.120,-0.118,-0.045,-0.050,-0.086,-0.091,-0.076,-0.035,-0.065
V,178,-0.080,0.196,0.339,0.004,-0.146,-0.097,-0.110,-0.071,-0.139,-0.047,-0.024,-0.010,0.016,-0.005,-0.037,-0.029,0.014
V,179,-0.008,0.570,0.455,0.317,-0.007,-0.015,0.018,-0.069,0.006,-0.032,-0.008,0.045,0.072,0.066,0.040,0.016,0.029
S,180,0.099,0.599,0.380,0.260,0.353,0.114,0.016,0.094,0.043,0.043,0.046,0.082,0.098,0.114,0.116,0.098,0.025
L,181,0.182,-0.029,0.178,0.405,0.339,0.309,0.186,0.133,0.124,0.121,0.137,0.103,0.127,0.148,0.171,0.118,0.111
V,182,0.262,-0.036,0.286,0.322,0.334,0.376,0.394,0.207,0.209,0.220,0.177,0.181,0.158,0.187,0.149,0.179,0.167
L,183,0.334,0.923,0.346,0.234,0.375,0.432,0.367,0.442,0.304,0.261,0.260,0.229,0.242,0.158,0.195,0.199,0.234
S,184,0.390,0.151,0.411,0.410,0.388,0.363,0.482,0.454,0.469,0.339,0.310,0.318,0.223,0.246,0.211,0.253,0.265
S,185,0.435,0.160,0.388,0.556,0.385,0.459,0.467,0.507,0.474,0.500,0.395,0.296,0.316,0.275,0.304,0.280,0.308
S,186,0.499,0.854,0.569,0.362,0.599,0.507,0.493,0.488,0.537,0.521,0.464,0.386,0.346,0.373,0.345,0.360,0.318
L,187,0.528,0.693,0.500,0.624,0.526,0.610,0.525,0.530,0.539,0.492,0.497,0.503,0.442,0.416,0.428,0.381,0.347
Q,188,0.557,-0.047,0.702,0.674,0.631,0.543,0.632,0.578,0.480,0.511,0.532,0.548,0.565,0.496,0.449,0.410,0.383
F,189,0.587,1.459,0.607,0.680,0.654,0.653,0.603,0.559,0.541,0.526,0.565,0.598,0.597,0.590,0.471,0.446,0.426
I,190,0.617,0.410,0.919,0.606,0.695,0.702,0.563,0.556,0.601,0.598,0.599,0.618,0.622,0.562,0.576,0.484,0.354
I,191,0.633,0.887,0.539,0.844,0.682,0.576,0.629,0.611,0.619,0.674,0.653,0.625,0.578,0.604,0.570,0.468,0.383
N,192,0.654,0.319,0.783,0.672,0.648,0.597,0.630,0.690,0.692,0.677,0.694,0.606,0.606,0.585,0.486,0.456,0.446
V,193,0.676,1.144,0.688,0.533,0.565,0.698,0.675,0.720,0.747,0.713,0.623,0.667,0.611,0.478,0.461,0.462,0.378
T,194,0.695,0.602,0.486,0.532,0.630,0.668,0.793,0.743,0.740,0.678,0.681,0.627,0.523,0.475,0.453,0.378,0.317
S,195,0.694,-0.288,0.399,0.641,0.673,0.761,0.750,0.804,0.665,0.701,0.676,0.521,0.478,0.492,0.385,0.299,0.321
A,196,0.683,0.882,0.486,0.650,0.806,0.772,0.781,0.659,0.751,0.665,0.523,0.509,0.488,0.380,0.323,0.323,0.266
S,197,0.645,0.864,0.979,0.780,0.784,0.820,0.661,0.723,0.659,0.547,0.481,0.486,0.399,0.306,0.315,0.286,0.276
L,198,0.584,1.191,1.101,1.034,0.805,0.645,0.745,0.661,0.495,0.455,0.503,0.364,0.289,0.327,0.268,0.265,0.266
L,199,0.515,1.249,1.142,1.008,0.785,0.716,0.648,0.478,0.429,0.452,0.328,0.286,0.288,0.249,0.273,0.248,0.219
I,200,0.446,0.986,0.996,0.749,0.836,0.757,0.406,0.382,0.432,0.290,0.217,0.249,0.242,0.233,0.228,0.223,0.176
H,201,0.341,0.751,0.435,0.760,0.724,0.431,0.423,0.364,0.231,0.172,0.207,0.176,0.192,0.221,0.182,0.153,0.131
S,202,0.213,-0.431,0.521,0.526,0.260,0.323,0.376,0.243,0.079,0.145,0.132,0.148,0.159,0.140,0.140,0.087,0.102
L,203,0.108,1.245,0.297,-0.083,0.067,0.232,0.128,0.045,0.143,0.044,0.087,0.116,0.096,0.077,0.041,0.087,0.039
R,204,-0.010,0.079,-0.245,-0.254,-0.022,-0.115,-0.134,0.031,0.011,0.079,0.037,0.035,0.031,-0.008,0.024,-0.007,-0.063
R,205,-0.148,-2.058,-0.694,-0.094,-0.396,-0.412,-0.185,-0.146,-0.027,0.006,0.023,-0.049,-0.072,-0.023,-0.056,-0.132,-0.112
H,206,-0.247,-0.103,-0.599,-0.717,-0.575,-0.419,-0.376,-0.219,-0.130,-0.077,-0.086,-0.094,-0.100,-0.119,-0.187,-0.164,-0.144
I,207,-0.336,0.365,-0.535,-1.070,-0.655,-0.495,-0.417,-0.322,-0.250,-0.217,-0.195,-0.138,-0.143,-0.272,-0.231,-0.196,-0.176
Q,208,-0.439,-1.866,-1.063,-0.522,-0.825,-0.600,-0.410,-0.423,-0.394,-0.362,-0.261,-0.240,-0.321,-0.262,-0.275,-0.238,-0.265
K,209,-0.498,-1.688,-0.957,-0.723,-0.488,-0.648,-0.573,-0.480,-0.526,-0.423,-0.393,-0.449,-0.360,-0.320,-0.268,-0.344,-0.309
M,210,-0.566,0.683,-0.704,-0.736,-0.524,-0.481,-0.687,-0.670,-0.501,-0.542,-0.614,-0.511,-0.438,-0.359,-0.391,-0.341,-0.332
Q,211,-0.645,-1.108,-0.042,-0.434,-0.656,-0.600,-0.611,-0.680,-0.668,-0.706,-0.656,-0.586,-0.496,-0.505,-0.431,-0.376,-0.308
K,212,-0.690,0.299,-0.388,-0.207,-0.557,-0.776,-0.607,-0.619,-0.888,-0.781,-0.664,-0.626,-0.646,-0.563,-0.480,-0.390,-0.397
N,213,-0.714,-0.355,-0.204,-0.579,-0.490,-0.575,-0.755,-0.858,-0.753,-0.820,-0.735,-0.723,-0.687,-0.608,-0.509,-0.495,-0.438
A,214,-0.755,-0.555,-0.695,-0.602,-0.596,-0.528,-0.878,-0.889,-0.786,-0.705,-0.868,-0.792,-0.674,-0.619,-0.615,-0.553,-0.441
T,215,-0.791,-1.174,-0.984,-0.672,-0.618,-0.961,-0.728,-0.791,-0.816,-0.843,-0.771,-0.802,-0.709,-0.677,-0.658,-0.549,-0.536
G,216,-0.833,-1.223,-0.817,-0.854,-1.120,-0.842,-0.843,-0.668,-0.856,-0.877,-0.772,-0.682,-0.793,-0.743,-0.601,-0.633,-0.568
F,217,-0.843,-0.055,-0.848,-1.386,-1.075,-0.941,-0.751,-0.910,-0.757,-0.775,-0.768,-0.766,-0.722,-0.702,-0.710,-0.618,-0.568
W,218,-0.858,-1.264,-1.511,-1.159,-1.080,-0.912,-1.002,-0.841,-0.811,-0.649,-0.768,-0.803,-0.669,-0.687,-0.713,-0.636,-0.536
N,219,-0.847,-3.215,-1.506,-1.032,-0.926,-1.124,-0.988,-0.874,-0.707,-0.799,-0.701,-0.662,-0.758,-0.683,-0.609,-0.618,-0.581
P,220,-0.854,-0.039,-1.281,-1.040,-1.102,-1.016,-0.950,-0.811,-0.851,-0.758,-0.678,-0.661,-0.678,-0.669,-0.584,-0.553,-0.532
Q,221,-0.838,-0.588,-0.241,-1.279,-1.124,-0.895,-0.802,-0.912,-0.855,-0.711,-0.709,-0.694,-0.572,-0.571,-0.603,-0.494,-0.427
T,222,-0.797,-0.094,-1.047,-0.677,-0.962,-0.838,-0.860,-0.854,-0.745,-0.789,-0.725,-0.606,-0.577,-0.509,-0.475,-0.465,-0.388
E,223,-0.713,-2.460,-0.919,-0.696,-0.437,-0.905,-0.893,-0.675,-0.779,-0.756,-0.667,-0.593,-0.535,-0.473,-0.368,-0.363,-0.358
A,224,-0.663,-0.204,-0.932,-0.487,-0.699,-0.594,-0.678,-0.800,-0.697,-0.644,-0.607,-0.583,-0.479,-0.380,-0.352,-0.260,-0.267
H,225,-0.575,-0.131,0.040,-0.842,-0.674,-0.467,-0.538,-0.703,-0.645,-0.538,-0.554,-0.481,-0.411,-0.348,-0.263,-0.251,-0.200
V,226,-0.483,0.455,-0.515,-0.432,-0.502,-0.588,-0.535,-0.400,-0.522,-0.544,-0.406,-0.368,-0.339,-0.282,-0.240,-0.199,-0.199
G,227,-0.378,-1.868,-0.609,-0.171,-0.391,-0.579,-0.415,-0.352,-0.318,-0.376,-0.339,-0.257,-0.232,-0.223,-0.212,-0.185,-0.144
A,228,-0.249,-0.413,-0.392,-0.481,-0.363,-0.224,-0.353,-0.318,-0.209,-0.116,-0.214,-0.193,-0.138,-0.160,-0.165,-0.152,-0.120
M,229,-0.114,1.104,-0.331,-0.573,-0.240,-0.136,-0.144,-0.189,-0.089,-0.048,0.023,-0.088,-0.118,-0.082,-0.099,-0.097,-0.076
K,230,-0.004,-1.683,-0.195,-0.053,-0.221,-0.139,0.019,0.093,-0.009,0.062,0.074,0.084,-0.032,-0.056,-0.015,-0.022,-0.066
L,231,0.120,-0.007,-0.319,0.147,0.024,-0.012,0.141,0.194,0.241,0.123,0.126,0.120,0.134,0.036,0.024,0.012,-0.001
M,232,0.262,0.734,0.437,-0.105,0.310,0.329,0.200,0.304,0.317,0.291,0.169,0.177,0.181,0.205,0.062,0.043,0.067
V,233,0.364,0.584,0.388,0.550,0.324,0.498,0.487,0.341,0.352,0.345,0.330,0.231,0.250,0.197,0.212,0.118,0.101
Y,234,0.489,-0.155,0.674,0.792,0.723,0.519,0.610,0.515,0.370,0.388,0.395,0.395,0.244,0.254,0.247,0.263,0.120
F,235,0.584,1.592,0.880,0.867,0.909,0.810,0.546,0.602,0.534,0.422,0.455,0.394,0.387,0.294,0.305,0.240,0.233
L,236,0.650,1.205,1.301,1.008,0.937,0.855,0.764,0.563,0.631,0.591,0.419,0.440,0.435,0.432,0.283,0.270,0.263
I,237,0.700,1.108,1.202,1.226,0.911,0.853,0.819,0.772,0.624,0.602,0.560,0.461,0.484,0.413,0.385,0.305,0.269
L,238,0.765,1.293,1.112,0.988,1.036,0.855,0.847,0.850,0.721,0.586,0.630,0.597,0.434,0.429,0.426,0.375,0.285
Y,239,0.783,0.934,0.875,0.891,0.894,0.987,0.884,0.776,0.776,0.738,0.624,0.584,0.528,0.447,0.415,0.397,0.361
I,240,0.784,0.399,0.685,0.789,0.870,0.921,0.878,0.794,0.788,0.797,0.676,0.545,0.585,0.505,0.414,0.398,0.363
P,241,0.774,0.721,0.573,0.738,0.854,0.763,0.808,0.876,0.815,0.713,0.691,0.668,0.519,0.539,0.480,0.377,0.374
Y,242,0.725,0.599,0.785,0.750,0.637,0.731,0.781,0.830,0.780,0.695,0.700,0.649,0.611,0.490,0.490,0.448,0.307
S,243,0.687,1.035,0.878,0.626,0.621,0.688,0.771,0.684,0.692,0.757,0.648,0.634,0.606,0.552,0.456,0.407,0.322
V,244,0.649,0.999,0.603,0.646,0.694,0.694,0.591,0.621,0.672,0.639,0.679,0.601,0.568,0.560,0.458,0.320,0.291
A,245,0.598,-0.224,0.532,0.708,0.733,0.574,0.531,0.591,0.570,0.594,0.589,0.602,0.551,0.466,0.406,0.331,0.268
T,246,0.528,0.821,0.502,0.699,0.549,0.525,0.577,0.487,0.513,0.522,0.518,0.535,0.488,0.386,0.329,0.344,0.340
L,247,0.464,0.910,0.907,0.362,0.441,0.558,0.474,0.489,0.444,0.438,0.470,0.401,0.357,0.338,0.321,0.339,0.359
V,248,0.389,0.990,0.404,0.463,0.427,0.397,0.458,0.426,0.408,0.394,0.317,0.281,0.246,0.289,0.348,0.338,0.358
Q,249,0.307,-0.687,0.195,0.479,0.400,0.334,0.355,0.369,0.372,0.276,0.193,0.155,0.214,0.264,0.310,0.368,0.377
Y,250,0.231,0.281,0.165,0.214,0.345,0.347,0.251,0.303,0.225,0.150,0.101,0.128,0.183,0.243,0.292,0.354,0.383
L,251,0.143,0.901,0.256,0.102,0.199,0.240,0.288,0.103,0.061,0.036,0.083,0.136,0.167,0.219,0.294,0.313,0.288
P,252,0.049,-0.414,0.306,0.218,0.038,0.160,0.067,0.011,-0.095,-0.004,0.081,0.129,0.180,0.228,0.248,0.228,0.256
F,253,-0.020,0.431,-0.030,0.134,0.162,-0.129,-0.144,-0.156,-0.056,-0.029,0.057,0.134,0.200,0.214,0.162,0.191,0.244
Y,254,-0.093,-0.107,0.061,-0.009,-0.108,-0.210,-0.357,-0.197,-0.072,0.018,0.041,0.141,0.176,0.130,0.156,0.184,0.196
A,255,-0.149,-0.140,-0.021,-0.248,-0.438,-0.391,-0.261,-0.230,-0.095,0.011,0.115,0.095,0.071,0.116,0.156,0.164,0.178
G,256,-0.170,0.183,-0.522,-0.617,-0.572,-0.450,-0.234,-0.133,-0.114,0.027,0.074,0.040,0.038,0.103,0.127,0.151,0.176
M,257,-0.167,-1.608,-0.946,-0.866,-0.581,-0.341,-0.264,-0.100,0.010,-0.029,-0.046,0.013,0.079,0.056,0.102,0.143,0.176
D,258,-0.151,-1.414,-1.457,-0.764,-0.484,-0.325,-0.163,-0.079,-0.006,-0.070,-0.086,0.004,0.034,0.079,0.078,0.132,0.158
M,259,-0.131,-1.350,-0.799,-0.687,-0.383,-0.235,-0.095,-0.044,-0.158,-0.072,-0.012,-0.053,0.011,0.061,0.113,0.098,0.118
G,260,-0.112,0.369,-0.137,-0.251,-0.308,-0.089,-0.082,-0.183,-0.114,-0.083,-0.037,-0.003,-0.017,0.053,0.084,0.099,0.083
T,261,-0.074,0.571,0.504,0.173,0.089,-0.105,-0.194,-0.157,-0.095,-0.070,-0.065,0.001,0.045,0.014,0.043,0.068,0.082
K,262,-0.033,0.572,0.616,0.678,0.297,-0.079,-0.189,-0.091,-0.101,-0.074,-0.024,-0.007,0.033,0.034,0.003,0.028,0.043
S,263,0.024,0.704,0.816,0.613,0.293,0.105,0.022,-0.120,-0.067,-0.046,-0.009,0.013,-0.014,0.020,0.018,-0.020,0.049
I,264,0.088,1.172,0.640,0.223,0.275,0.334,0.133,0.032,-0.055,0.004,-0.002,-0.017,0.000,-0.027,-0.006,0.042,0.046
C,265,0.137,0.043,-0.055,0.156,0.296,0.272,0.289,0.169,0.100,-0.005,-0.005,-0.015,-0.030,-0.026,0.002,0.063,0.107
L,266,0.161,-1.379,-0.365,0.159,0.186,0.249,0.288,0.328,0.196,0.078,-0.019,-0.022,-0.042,0.001,0.049,0.073,0.133
I,267,0.175,0.240,-0.141,-0.114,0.138,0.226,0.302,0.301,0.272,0.156,0.051,-0.048,0.012,0.040,0.078,0.126,0.142
F,268,0.174,0.717,0.255,-0.049,0.022,0.228,0.252,0.242,0.243,0.220,0.105,0.081,0.042,0.094,0.123,0.151,0.122
A,269,0.171,-0.193,0.297,0.298,0.119,0.100,0.170,0.192,0.186,0.176,0.235,0.190,0.164,0.131,0.171,0.119,0.083
T,270,0.184,0.367,0.177,0.394,0.319,0.073,0.056,0.117,0.123,0.207,0.262,0.312,0.274,0.242,0.127,0.097,0.057
L,271,0.189,0.357,0.483,0.255,0.256,0.217,0.028,-0.003,0.150,0.225,0.295,0.347,0.383,0.258,0.157,0.060,-0.011
Y,272,0.198,0.723,0.367,0.254,0.143,0.160,0.118,0.079,0.130,0.255,0.323,0.375,0.323,0.280,0.176,0.037,0.022
S,273,0.215,0.020,0.182,0.165,0.131,0.038,0.197,0.253,0.208,0.250,0.347,0.299,0.264,0.230,0.143,0.128,0.001
P,274,0.237,-0.197,-0.086,0.039,0.024,0.183,0.212,0.327,0.373,0.316,0.232,0.228,0.200,0.116,0.174,0.096,0.015
G,275,0.270,-0.080,-0.183,-0.182,0.131,0.239,0.339,0.357,0.434,0.338,0.188,0.130,0.071,0.142,0.068,0.050,0.051
H,276,0.273,-0.272,-0.245,0.035,0.153,0.334,0.406,0.461,0.319,0.278,0.213,0.020,0.073,0.023,0.011,0.022,0.065
S,277,0.277,-0.382,0.151,0.250,0.323,0.376,0.479,0.354,0.280,0.182,0.082,0.143,-0.028,-0.063,-0.024,0.030,0.045
V,278,0.248,1.107,0.534,0.508,0.508,0.503,0.321,0.267,0.195,0.061,0.108,0.023,-0.010,-0.074,-0.038,0.004,-0.004
L,279,0.195,0.878,1.064,0.782,0.686,0.411,0.248,0.142,0.021,0.110,-0.002,-0.057,-0.031,0.013,-0.041,-0.069,-0.002
I,280,0.118,1.207,1.062,1.091,0.579,0.334,0.184,-0.033,0.053,-0.044,-0.072,-0.059,-0.028,0.002,-0.025,-0.044,-0.008
I,281,0.058,1.100,1.157,0.666,0.522,0.264,-0.014,0.075,-0.100,-0.144,-0.103,-0.039,-0.021,-0.065,-0.005,0.037,0.004
I,282,-0.019,1.163,0.415,0.334,0.235,0.055,0.120,-0.094,-0.151,-0.159,-0.100,-0.058,-0.078,-0.027,0.004,0.044,0.046
T,283,-0.106,-1.018,-0.212,-0.088,-0.213,0.066,-0.052,-0.148,-0.162,-0.101,-0.103,-0.137,-0.061,-0.002,0.027,0.016,0.047
H,284,-0.163,-0.781,-0.900,-0.759,-0.213,-0.284,-0.240,-0.137,-0.091,-0.099,-0.142,-0.102,-0.049,0.001,0.011,0.032,0.002
P,285,-0.259,-0.902,-1.313,-0.751,-0.694,-0.525,-0.342,-0.161,-0.068,-0.138,-0.098,-0.046,-0.032,-0.032,0.007,-0.003,0.009
K,286,-0.327,-2.257,-0.651,-1.001,-0.999,-0.674,-0.379,-0.231,-0.205,-0.071,-0.032,-0.022,-0.027,-0.022,-0.044,-0.016,-0.003
L,287,-0.347,1.205,-1.108,-1.038,-0.887,-0.715,-0.483,-0.397,-0.213,-0.078,0.011,-0.013,-0.012,-0.040,-0.046,-0.044,-0.016
K,288,-0.342,-2.271,-0.678,-0.906,-0.662,-0.606,-0.675,-0.423,-0.228,-0.105,-0.052,0.019,-0.028,-0.038,-0.040,-0.046,-0.044
T,289,-0.340,-0.967,-1.159,-0.296,-0.539,-0.625,-0.513,-0.437,-0.273,-0.181,-0.084,-0.065,-0.012,-0.028,-0.038,-0.040,-0.046
T,290,-0.294,-0.239,-0.137,-0.545,-0.352,-0.440,-0.353,-0.326,-0.356,-0.230,-0.182,-0.113,-0.065,-0.012,-0.028,-0.038,-0.040
A,291,-0.255,0.794,0.171,-0.279,-0.416,-0.080,-0.232,-0.272,-0.270,-0.337,-0.253,-0.182,-0.113,-0.065,-0.012,-0.028,-0.038
K,292,-0.185,-0.041,-0.064,0.066,0.049,-0.167,-0.035,-0.182,-0.262,-0.294,-0.337,-0.253,-0.182,-0.113,-0.065,-0.012,-0.028
K,293,-0.120,-0.944,-0.075,0.310,0.248,0.076,-0.119,-0.059,-0.216,-0.262,-0.294,-0.337,-0.253,-0.182,-0.113,-0.065,-0.012
I,294,-0.060,0.759,0.265,0.236,0.270,0.214,0.027,-0.164,-0.059,-0.216,-0.262,-0.294,-0.337,-0.253,-0.182,-0.113,-0.065
L,295,-0.023,0.981,0.722,0.228,0.196,0.168,0.127,0.027,-0.164,-0.059,-0.216,-0.262,-0.294,-0.337,-0.253,-0.182,-0.113
C,296,0.010,0.426,0.441,0.471,0.108,0.089,0.168,0.127,0.027,-0.164,-0.059,-0.216,-0.262,-0.294,-0.337,-0.253,-0.182
F,297,0.072,-0.084,0.205,0.188,0.283,0.108,0.089,0.168,0.127,0.027,-0.164,-0.059,-0.216,-0.262,-0.294,-0.337,-0.253
K,298,0.103,0.272,-0.156,-0.010,0.188,0.283,0.108,0.089,0.168,0.127,0.027,-0.164,-0.059,-0.216,-0.262,-0.294,-0.337
K,299,0.122,-0.656,-0.192,-0.156,-0.010,0.188,0.283,0.108,0.089,0.168,0.127,0.027,-0.164,-0.059,-0.216,-0.262,-0.294
